{
  "and": {
    "count": 7, 
    "Last Modified": 1367624949.84505
  }, 
  "a": {
    "count": 11, 
    "Last Modified": 1367624949.845649
  }, 
  "this": {
    "count": 6, 
    "Last Modified": 1367624949.844827
  }, 
  "is": {
    "count": 9, 
    "Last Modified": 1367624949.845111
  }, 
  "to": {
    "count": 12, 
    "Last Modified": 1367624949.842949
  }, 
  "have": {
    "count": 7, 
    "Last Modified": 1367624949.845204
  }, 
  "in": {
    "count": 6, 
    "Last Modified": 1367624949.845219
  }, 
  "you": {
    "count": 12, 
    "Last Modified": 1367624949.845439
  }, 
  "the": {
    "count": 7, 
    "Last Modified": 1367624949.8458
  }
}